Quarter,Sheet name
2018_Q2,BS 3-5
2012_Year,BL
2020_Q1,BS-3-5
2008_Q2,BL
2014_Q1,BL
2018_Q3,BS 3-5
2008_Year,BL
2010_Q1,BL
2008_Q3,BL
2019_Q3,BS 3-5
2011_Q1,BL
2009_Year,BL
2009_Q3,BL
2019_Q2,BS 3-5
2021_Q1,BS-3-5
2013_Year,BS
2009_Q2,BL
2015_Q1,BL-3
2012_Q2,BL
2022_Q3,BS-3-5
2016_Q3,BL-3
2018_Year,BS 7-9
2006_Q3,BL
2022_Year,BS 7-9
2016_Q2,BL-3
2022_Q2,BS-3-5
2012_Q3,BL
2014_Year,BS 4-6
2017_Q2,BS-3-5
2013_Q3,BL3-5
2015_Year,BS 4-6
2007_Q2,BL
2013_Q2,BL4-6
2017_Q3,BS-3-5
2019_Year,BS 7-9
2007_Q3,BL
2014_Q2,BL-3-5
2020_Year,BS 8-10
2020_Q2,BS-3-5
2008_Q1,BL
2010_Q3,BS
2018_Q1,BS-3-5
2010_Q2,BL
2020_Q3,BS 3-5
2014_Q3,BL-3-5
2016_Year,BS 8-10
2011_Q2,BL
2021_Q3,BS-3-5
2015_Q3,BS-3-5
2017_Year,BS 8-10
2015_Q2,BL-3-5
2021_Q2,BS-3-5
2009_Q1,BL
2011_Q3,BL
2019_Q1,BS-3-5
2021_Year,BS 8-10
2012_Q1,BL
2010_Year,BL
2006_Year,BL
2022_Q1,BS 3-5
2016_Q1,BL-3
2007_Q1,BL
2023_Q1,BS 3-5
2017_Q1,BS-3-5
2007_Year,BL
2011_Year,BL
2013_Q1,BL
